연월,지역,사업유형,주소,주택명,세대수
2026-09,강원,분양,강원특별자치도 강릉시 견소동  219-0,강릉 모아미래도 오션리버,561
2026-08,강원,분양,강원특별자치도 강릉시 견소동  244-2,강릉 오션시티 아이파크,794
2025-08,강원,분양조합,강원특별자치도 강릉시 교동  61-2,경남아너스빌 더센트로,456
2025-06,강원,분양,강원특별자치도 강릉시 교동  637-1,금호어울림 올림픽파크,346
2026-11,강원,분양,강원특별자치도 강릉시 송정동  산 77-3,강릉자이르네 디오션,228
2026-12,강원,분양,강원특별자치도 강릉시 주문진읍 주문리 762-5,강릉시 주문진 라일플로리스 벨벳 도시형생활주택,299
2025-10,강원,분양,강원특별자치도 강릉시 포남동  852-0,강릉KTX역 경남아너스빌,167
2026-01,강원,분양,강원특별자치도 고성군 토성면 아야진리 산 21-0,아야진 라메르 데시앙,811
2026-05,강원,분양,강원특별자치도 속초시 금호동  622-40,힐스테이트 속초,925
2025-02,강원,임대,강원특별자치도 양구군 양구읍 상리 124-1,강원양구 임대주택(국민.영구),100
2026-01,강원,분양,강원특별자치도 양양군 양양읍 구교리 57-0,양양 금호어울림 더퍼스트,279
2025-08,강원,임대,강원특별자치도 영월군 영월읍 덕포리 815번지,덕포행복주택,102
2025-10,강원,분양,강원특별자치도 원주시 관설동  1298-0,원주 동문 디 이스트,873
2025-02,강원,분양,강원특별자치도 원주시 관설동  1361-8,힐스테이트 원주 레스티지,975
2026-06,강원,분양,강원특별자치도 원주시 단구동  0-0,원주자이 센트로,970
2025-05,강원,분양,강원특별자치도 원주시 무실동  산 23-0,제일풍경채 원주 무실,997
2025-12,강원,분양,강원특별자치도 원주시 반곡동  1507-1,원주 롯데캐슬 시그니처,922
2025-10,강원,분양,강원특별자치도 원주시 반곡동  1833-0,유승한내들 더스카이,386
2026-03,강원,분양조합,강원특별자치도 원주시 원동  129-1,두산위브더제니스 센트럴 원주,1167
2025-02,강원,임대,강원특별자치도 원주시 태장동 577-3,원주동광뷰웰레이크포레(민간임대),604
2025-11,강원,분양,강원특별자치도 원주시 판부면 서곡리 산 48-0,e편한세상 원주 프리모원(1회차),350
2025-11,강원,분양,강원특별자치도 원주시 판부면 서곡리 산 48-0,e편한세상 원주 프리모원(2회차),222
2025-03,강원,임대,강원특별자치도 정선군 정선읍 봉양리 65-0,강원정선 국민임대 & 행복주택,100
2025-07,강원,임대,강원특별자치도 춘천시 근화동 751번지,춘천 시온숲속의아침뷰,318
2025-10,강원,임대,강원특별자치도 춘천시 동내면 학곡리 858,춘천학곡지구중해마루힐(민간임대),1114
2026-09,강원,분양,강원특별자치도 춘천시 동면 만천리 785-0,춘천 금호어울림 더 퍼스트,543
2026-08,강원,분양,강원특별자치도 춘천시 삼천동  22-2,춘천 레이크시티 아이파크,874
2025-10,강원,분양조합,강원특별자치도 춘천시 소양로2가  7-2,더샵 소양스타리버,1039
2026-10,강원,분양,강원특별자치도 홍천군 홍천읍 갈마곡리 23-26,대상 웰라움 홍천,200
2026-12,강원,분양,강원특별자치도 홍천군 홍천읍 갈마곡리 436-1,홍천 에듀포레 휴티스,239
2026-10,강원,분양,강원특별자치도 홍천군 홍천읍 희망리 396-9,스위트클래스 더 스카이 45,264
2025-07,경기,분양조합,경기도 가평군 설악면 신천리 산 45-27,디엘본 가평설악지역주택조합 아파트,420
2025-12,경기,분양,경기도 고양시 덕양구 신원동  591-0,"힐스테이트 삼송더카운티(고양삼송지구 블록형 단독주택용지 14-1,14-2,15블록)",107
2025-07,경기,임대,경기도 고양시 일산동구 장항동  0-0,고양장항 A-1블록(행복주택),1242
2026-04,경기,임대,경기도 고양시 일산동구 장항동  0-0,신혼희망타운(행복주택),279
2026-12,경기,분양,경기도 고양시 일산동구 장항동  658-65,고양장항 제일풍경채,1184
2026-04,경기,분양,경기도 고양시 장항동 663-106,고양장항A2(신혼희망타운),371
2025-07,경기,분양,경기도 고양시 풍동 1183번지,일산데이엔뷰(3단지)4BL,487
2025-08,경기,분양,경기도 고양시 풍동 767,일산데이엔뷰(2단지)2BL,737
2025-08,경기,분양,경기도 고양시 풍동 767,일산데이엔뷰(1단지)1BL,866
2026-06,경기,임대,경기도 과천시 갈현동  0-0,과천지식정보타운 S-11BL 행복주택(리츠),846
2025-11,경기,분양임대조합,경기도 광명시 광명동  88-14,광명 센트럴 아이파크,1957
2026-01,경기,분양임대조합,경기도 광명시 광명동  9-8,광명자이더샵포레나,3585
2026-01,경기,분양조합,경기도 광명시 소하동  883-18,광명 소하 신원아침도시2,203
2026-02,경기,분양조합,경기도 광명시 소하동  893-3,광명 소하 신원아침도시1*,144
2026-03,경기,임대,경기도 광명시 소하동 1342-5,더플러스 광명,152
2026-01,경기,분양조합,경기도 광명시 철산동  105-0,철산자이 브리에르,1490
2025-05,경기,분양임대조합,경기도 광명시 철산동  235-0,철산자이 더 헤리티지,3804
2026-06,경기,분양,경기도 광주시 송정동  산 28-4,광주 송정 중흥S-클래스 파크뷰,840
2026-10,경기,임대,경기도 광주시 역동 417-2,광주역세권청년혁신타운,316
2026-03,경기,분양임대조합,경기도 구리시 인창동  280-3,구리역 롯데캐슬 시그니처,1180
2025-05,경기,분양,경기도 군포시 금정동  77-4,금정역 개성로니엘,80
2025-02,경기,분양조합,경기도 남양주시 금곡동  404-20,금곡역 한신더휴,406
2026-00,경기,임대,경기도 남양주시 다산동 6111,다산지금A3(공공임대),518
2025-05,경기,분양임대조합,경기도 남양주시 와부읍 덕소리 511-6,덕소 강변 신일해피트리,212
2025-07,경기,분양임대조합,경기도 남양주시 와부읍 도곡리 931-5,도심역 한양수자인 리버파인,908
2026-01,경기,분양,경기도 남양주시 화도읍 마석우리 251-0,마석역 극동스타클래스 더 퍼스트,138
2025-10,경기,분양,경기도 남양주시 화도읍 마석우리 295-32,빌리브센트하이,250
2025-03,경기,임대,경기도 동두천시 송내동 264-3,동두천중흥S클래스헤라시티(민간임대),466
2026-02,경기,분양조합,경기도 부천시 소사구 괴안동  91-2,역곡역 아테움 스위첸,189
2025-06,경기,분양,경기도 부천시 소사구 소사본동  65-2,힐스테이트 소사역,629
2026-10,경기,분양조합,경기도 부천시 소사구 송내동  338-0,송내역 푸르지오 센트비엔,1045
2026-00,경기,분양조합,경기도 부천시 오정구 고강동 293-2번지 외 7필지,미정(사업명 : 삼하동호진주 가로주택정비사업),90
2026-00,경기,분양조합,경기도 부천시 오정구 고강동 307번지,미정(사업명 : 건우아파트 가로주택정비사업),237
2026-00,경기,분양조합,경기도 부천시 오정구 고강동 310-9번지 외 6필지,미정(사업명 : 삼우아파트성원주택수정빌라 가로주택정비사업),108
2026-00,경기,분양조합,경기도 부천시 오정구 고강동 334-7번지 외 10필지,미정(사업명 : 로얄빌라외 가로주택정비사업),77
2026-00,경기,분양조합,경기도 부천시 오정구 고강동 338-4번지 외 14필지,미정(사업명 : 고강동 현대주택외 가로주택정비사업),99
2026-00,경기,분양조합,경기도 부천시 오정구 여월동 8-6번지 외 4필지,미정(사업명 : 여월동 광남복지 가로주택정비사업),102
2026-00,경기,분양조합,경기도 부천시 오정구 오정동 140-5번지 외 19필지,미정(사업명 : 부촌3차아파트외 가로주택정비사업),231
2025-12,경기,분양,경기도 부천시 오정구 원종동  0-0,부천원종 B2BL 신혼희망타운(공공분양),394
2026-02,경기,임대,경기도 부천시 오정구 원종동  0-0,부천원종 A-1블록 행복주택,422
2025-12,경기,임대,경기도 부천시 오정구 원종동  0-0,부천원종 B-2블록 신혼희망타운(행복주택),197
2025-00,경기,분양조합,경기도 부천시 오정구 원종동 131번지 외 6필지,미정(사업명 : 광성보원 가로주택정비사업),168
2026-00,경기,분양조합,경기도 부천시 오정구 원종동 136-4번지 외 11필지,미정(사업명 : 은성빌라 가로주택정비사업),82
2026-00,경기,분양조합,경기도 부천시 오정구 원종동 288번지 외 21필지,미정(사업명 : 영동주택 가로주택정비사업),164
2026-00,경기,분양조합,경기도 부천시 오정구 원종동 335번지 외 8필지,미정(사업명 : 대성연립 가로주택정비사업),72
2026-05,경기,임대,경기도 부천시 오정구 원종동 일원,부천원종 A2,472
2026-03,경기,임대,경기도 부천시 오정구 원종동 일원,부천원종 C1,323
2025-03,경기,분양조합,경기도 부천시 원미구 심곡동 95-3,심곡 중앙하이츠(102동),84
2025-11,경기,분양,경기도 성남시 분당구 대장동  0-0,"판교TH212(판교대장지구 B2,B3BL)",212
2025-07,경기,분양,경기도 성남시 분당구 야탑동  134-1,분당 아테라,242
2025-12,경기,분양,경기도 성남시 수정구 복정동  0-0,성남복정1 A1BL 공공분양,615
2025-12,경기,분양,경기도 성남시 수정구 복정동  0-0,성남복정1 A2BL 신혼희망타운(공공분양),258
2025-12,경기,분양,경기도 성남시 수정구 복정동  0-0,성남복정1 A3BL 신혼희망타운(공공분양),210
2025-12,경기,임대,경기도 성남시 수정구 복정동  0-0,성남복정1 A3BL 신혼희망타운(행복주택),105
2025-12,경기,임대,경기도 성남시 수정구 복정동  0-0,성남복정1 A2BL 신혼희망타운(행복주택),129
2026-05,경기,분양,경기도 성남시 수정구 신촌동  0-0,엘리프 성남신촌,320
2026-12,경기,임대,경기도 성남시 수정구 신촌동 일원,성남신촌 A1,227
2026-12,경기,분양,경기도 성남시 수정구 창곡동  0-0,위례지구 A2-7블록 신혼희망타운,440
2026-12,경기,임대,경기도 성남시 수정구 창곡동  0-0,위례 A2-7블록 신혼희망타운 행복주택,219
2025-04,경기,분양,경기도 성남시 중원구 둔촌대로217번길 11,삼남아파트,117
2025-04,경기,조합,경기도 성남시 중원구 하대원동 120-1,엘리프성남더에듀,145
2026-08,경기,분양임대조합,경기도 수원시 권선구 세류동  817-72,매교역 팰루시드,2178
2026-02,경기,분양,경기도 수원시 권선구 오목천동  319-1,오목천역 더리브,201
2025-03,경기,분양,경기도 수원시 영통구 망포동  0-0,영통 푸르지오 파인베르(A2BL),770
2025-03,경기,분양,경기도 수원시 영통구 망포동  0-0,영통 푸르지오 트레센츠(A1BL),796
2025-05,경기,분양,경기도 수원시 우만동 58-12,남광교퍼스트루브루,91
2025-08,경기,임대,경기도 수원시 팔달구 매산로2가  40-30,수원매산 A1블록 행복주택,58
2026-02,경기,분양임대조합,경기도 수원시 팔달구 지동  349-1,수원성 중흥S-클래스,1154
2026-06,경기,분양조합,경기도 시흥시 대야동  284,대야3(시흥영남2차아파트) ,1026
2025-09,경기,분양,경기도 시흥시 신천동  83-6,신천역 한라비발디,1297
2026-10,경기,분양조합,경기도 시흥시 은행동 289-31,신극동아파트 가로주택,218
2026-03,경기,임대,경기도 시흥시 정왕동  1799-2,시흥정왕 1블록 행복주택,470
2026-05,경기,분양,경기도 시흥시 정왕동  2715-0,시화MTV 푸르지오 디오션,400
2026-09,경기,분양조합,경기도 안산시 단원구 고잔동  648-0,한화포레나 안산고잔2차 ,472
2025-03,경기,분양조합,경기도 안산시 상록구 건건동  894-10,반월역 두산위브 더 센트럴,725
2025-06,경기,분양,경기도 안성시 공도읍 만정리 358-23,안성 라포르테 공도,986
2025-01,경기,분양,경기도 안성시 공도읍 양기리 302-2,안성 우방아이유쉘 에스티지,948
2026-03,경기,분양,경기도 안성시 공도읍 진사리 29-13,해링턴 플레이스 진사(1BL),355
2026-03,경기,분양,경기도 안성시 공도읍 진사리 33-0,해링턴 플레이스 진사(2BL),637
2025-04,경기,임대,경기도 안성시 당왕동 455,안성청사복합 주택(통합공공임대주택),320
2026-10,경기,임대,경기도 안성시 신소현동 86-1,안성영무예다음(민간임대)2BL,997
2025-11,경기,분양,경기도 안성시 죽산면 죽산리 790-0,안성 하우스토리 퍼스트시티,474
2026-10,경기,분양,경기도 안양시 동안구 호계동  533-3,e편한세상 평촌 어반밸리,458
2025-06,경기,분양임대조합,경기도 안양시 동안구 호계동  651-1,평촌 두산위브 더 프라임,456
2025-03,경기,분양임대조합,경기도 안양시 동안구 호계동  915-0,아크로 베스티뉴,1011
2026-05,경기,분양임대조합,경기도 안양시 만안구 석수동  348-1,안양자이 더 포레스트,483
2025-01,경기,분양임대조합,경기도 안양시 만안구 안양동  618-0,안양 어반포레 자연앤 e편한세상,2329
2025-08,경기,분양,경기도 양주시 덕정동 84,덕정역서희스타힐스에듀포레3단지,931
2025-03,경기,임대,경기도 양주시 옥정동 1022,엘리프옥정시그너처(민간임대)A5,921
2025-03,경기,분양,경기도 양주시 장흥면 일영리 143-4,경남아너스빌 북한산뷰 B-1(5)블럭(2단지),283
2025-03,경기,분양,경기도 양주시 장흥면 일영리 85-2,경남아너스빌 북한산뷰 B-1(4)블럭(1단지) ,458
2025-12,경기,분양,경기도 양주시 회정동  194-1,양주 덕정역 에피트,427
2026-11,경기,분양,경기도 양주시 회정동  회천지구 A11BL,회천중앙역 대광로제비앙 4차,642
2026-09,경기,분양,경기도 양주시 회정동  회천지구 A12BL,회천중앙역 대광로제비앙 3차,621
2026-09,경기,임대,경기도 양주시 회정동 일원,양주회천 A25,1474
2025-02,경기,분양,경기도 양평군 양평읍 공흥리 418-0,양평공흥3 휴먼빌 아틀리에,406
2025-07,경기,임대,경기도 양평군 양평읍 창대리 701,양평남한강 경기행복주택,49
2025-08,경기,임대,경기도 연천군 연천읍 통현리 1073,연천BIX 경기행복주택,100
2025-01,경기,분양,경기도 오산시 가수동  442,오산 SK VIEW 2차,380
2026-10,경기,분양,경기도 오산시 가수동  449,오산역 금강펜테리움 센트럴파크,730
2025-08,경기,분양,경기도 오산시 궐동  684-2,오산세교 하우스토리 더센트럴,192
2025-02,경기,분양,경기도 오산시 궐동 772,오산세교2지구 A-21블록 모아미래도,414
2026-11,경기,임대,경기도 오산시 궐동 822,오산 우미린,1050
2026-04,경기,분양,경기도 오산시 궐동432-4,오산세교파라곤(A3),1068
2025-03,경기,분양,경기도 오산시 누읍동 424-5,칸타빌 더퍼스트(오산 세교2지구 A10BL),514
2026-06,경기,분양,경기도 오산시 벌음동  262,오산호반써밋라프리미어,1030
2025-03,경기,분양,경기도 오산시 탑동  110-1,오산세교2 한신더휴(A16블록),844
2025-11,경기,분양,경기도 오산시 탑동  154-2,오산세교 우미 린 센트럴시티(A-14),1532
2025-08,경기,분양,경기도 용인시 기흥구 공세동  산 42-4,라피아노 용인공세,94
2025-11,경기,분양조합,경기도 용인시 기흥구 동백동  478-10,동백호수공원 두산위브더제니스,378
2026-12,경기,분양,경기도 용인시 기흥구 서천동  335-2,영통역자이 프라시엘,472
2025-06,경기,임대,경기도 용인시 보정동 266-4,롯데캐슬하이브엘(민간임대),715
2025-04,경기,분양,경기도 용인시 수지구 동천동  181-1,동천역자이르네 공동주택(소형주택),112
2025-01,경기,분양,경기도 용인시 처인구 모현읍 왕산리 0-0,힐스테이트 몬테로이,1318
2025-00,경기,분양,경기도 용인시 처인구 양지면 남곡리 147-15,용인 경남 아너스빌 디센트 2단지,450
2025-00,경기,분양,경기도 용인시 처인구 양지면 남곡리 147-19,용인 경남 아너스빌 디센트 1단지,326
2025-00,경기,분양,경기도 용인시 처인구 양지면 남곡리 147-21,용인 경남 아너스빌 디센트 3단지,388
2026-11,경기,분양,경기도 용인시 처인구 포곡읍 전대리 192-2,용인 에버랜드역 칸타빌,348
2025-10,경기,분양,경기도 의왕시 고천동  0-0,의왕고천지구 대방 디에트르 센트럴(B1BL),492
2026-02,경기,분양,경기도 의왕시 고천동 B2,제일풍경채의왕고천B2(사전청약),900
2026-06,경기,분양임대조합,경기도 의왕시 내손동  661-0,인덕원 퍼스비엘,2180
2025-05,경기,분양임대조합,경기도 의왕시 내손동  683-0,인덕원 자이 SK VIEW,2633
2026-11,경기,분양임대조합,경기도 의왕시 오전동  32-4 일원,의왕 센트라인 데시앙,733
2025-08,경기,임대,경기도 의왕시 포일동 506-1,힐스테이트인덕원(민간임대),349
2025-12,경기,분양임대조합,경기도 의정부시 금오동  65-3,힐스테이트 금오 더퍼스트,832
2025-01,경기,임대,경기도 의정부시 산곡동 2BL,리듬시티우미린(민간임대),767
2026-09,경기,분양임대조합,경기도 의정부시 신곡동  435-3,e편한세상 신곡 시그니처뷰 1단지 & 2단지,815
2025-08,경기,분양,경기도 의정부시 용현동  산 32-0,힐스테이트 탑석,636
2026-09,경기,분양,경기도 의정부시 의정부동  100-1,의정부역 파밀리에 Ⅱ,150
2025-03,경기,분양,경기도 의정부시 의정부동  127-4,의정부역 파밀리에Ⅰ,82
2025-03,경기,분양,경기도 의정부시 의정부동  94-8,의정부역 다채로움,92
2026-06,경기,임대,경기도 이천시 백사면 모전리 1-12,신안실크밸리2BL(민간임대),981
2026-01,경기,분양,경기도 이천시 안흥동  270-0,빌리브 어바인 시티 1BL,264
2026-01,경기,분양,경기도 이천시 안흥동  272-6,빌리브 어바인시티 2BL,264
2025-08,경기,분양,경기도 이천시 안흥동  320-1,센트레빌 레이크뷰,180
2026-06,경기,분양,경기도 이천시 중리동  327-0,우미린 어반퍼스트,785
2026-02,경기,분양,경기도 이천시 중리동  96-3,우미린 트리쉐이드,849
2026-11,경기,분양,경기도 이천시 증일동  21,이천 중리지구 A-2 신안인스빌 퍼스티지,523
2026-07,경기,분양조합,경기도 이천시 증일동  60-5,힐스테이트 이천역 2단지,885
2026-07,경기,분양조합,경기도 이천시 증일동  79-4,힐스테이트 이천역 1단지,937
2026-08,경기,분양,경기도 이천시 증일동 110-3,이천중리택지개발B3(예미지),1009
2026-08,경기,분양,경기도 이천시 증포동  323-20,이천자이 더 리체,558
2025-11,경기,분양임대조합,경기도 파주시 금촌동  337-15,금촌2동제2지구 ,1055
2025-09,경기,조합,경기도 파주시 금촌동 329-299,신일 해피트리,496
2026-06,경기,분양,경기도 파주시 다율동 산18-1,파주 운정신도시 A8블럭 푸르지오,552
2025-06,경기,분양,경기도 파주시 당하동 426 ,파주 운정신도시 A2블록 호반써밋,1110
2026-02,경기,분양,경기도 파주시 동패동  0-0,ANDANTE(안단테),1012
2025-02,경기,분양,경기도 파주시 동패동 1409,파주운정신도시 A49블록 시티프라디움,486
2025-03,경기,분양,경기도 파주시 동패동 1417,경남아너스빌 리버,457
2026-10,경기,분양,경기도 파주시 동패동 415-13,운정3 제일풍경채(A46BL),383
2026-09,경기,분양,경기도 파주시 동패동 418,파주 운정3 이지더원(A44BL),379
2026-08,경기,분양,경기도 파주시 동패동 산 79-1,파주 운정신도시 우미 린 더 센텀,418
2026-07,경기,분양,경기도 파주시 동패동 산80-1,파주운정3A22(공공분양),642
2025-07,경기,분양,경기도 파주시 목동동  916-0,파주운정신도시 디에트르 센트럴,292
2026-03,경기,분양,경기도 파주시 목동동  산 26-0,운정자이 시그니처,988
2025-06,경기,분양,경기도 파주시 목동동 314,파주운정 경남아너스빌 디원,499
2025-06,경기,임대,경기도 파주시 목동동 616,파주운정3A47(행복주택),882
2025-01,경기,임대,경기도 파주시 야당동  0-0,파주운정3 A24BL 국민임대주택,806
2025-01,경기,임대,경기도 파주시 야당동  0-0,파주운정3 A24BL 영구임대주택,272
2025-08,경기,분양,경기도 파주시 와동동  1471-2,힐스테이트 더 운정,744
2025-05,경기,분양,경기도 파주시 탄현면 축현리 868-5,e편한세상 헤이리,1057
2026-03,경기,분양,경기도 평택시 가재동  0-0,지제역 반도체밸리 제일풍경채 2블록 ,1152
2025-08,경기,분양,경기도 평택시 고덕동  1860-2,고덕자이 센트로,569
2025-02,경기,분양,경기도 평택시 고덕면  0-0,평택고덕 A-57-2블록 신혼희망타운,256
2025-04,경기,분양,경기도 평택시 고덕면  0-0,평택 고덕 국제신도시 A-55 대광로제비앙 모아엘가,1255
2025-02,경기,임대,경기도 평택시 고덕면  0-0,평택고덕국제화지구 A-57-2 신혼희망타운(행복주택),129
2026-05,경기,분양,경기도 평택시 고덕면 율포리 A48,평택고덕예미지(A48),431
2025-09,경기,분양,경기도 평택시 고덕면 좌교리 0-0,평택  고덕국제신도시 A50블록 미래도 파밀리에,642
2025-10,경기,임대,경기도 평택시 서정동  0-0,평택고덕 A-58블록 영구임대주택,912
2025-10,경기,임대,경기도 평택시 서정동  0-0,평택고덕 A-58블록 국민임대주택,383
2025-07,경기,분양,경기도 평택시 장당동  산 12-5,평택석정공원 화성파크드림,1296
2026-08,경기,분양,경기도 평택시 장안동  0-0,평택 브레인시티 2BL 대광로제비앙 모아엘가,1700
2025-02,경기,분양,경기도 평택시 청북읍 옥길리 1158-7,평택청북 세종 헤르메스,280
2025-03,경기,분양,경기도 평택시 통복동  577-0,경남 아너스빌 디아트,499
2026-03,경기,분양,경기도 평택시 현덕면 운정리 0-0,힐스테이트 평택 화양,1571
2026-11,경기,분양,경기도 평택시 현덕면 운정리 0-0,평택 화양 동문 디 이스트,753
2025-08,경기,분양,경기도 평택시 현덕면 화양리 0-0,휴먼빌 퍼스트시티,1468
2025-09,경기,분양,경기도 평택시 현덕면 화양리 0-0,e편한세상 평택 하이센트(4BL) ,916
2025-09,경기,분양,경기도 평택시 현덕면 화양리 0-0,e편한세상 평택 라씨엘로,1063
2025-11,경기,분양,경기도 평택시 현덕면 화양리 0-0,포레나 평택화양,995
2026-07,경기,분양조합,경기도 평택시 현덕면 화양리 0-0,평택화양 서희스타힐스 센트럴파크,1554
2026-11,경기,분양,경기도 평택시 현덕면 화양리 0-0,평택 푸르지오 센터파인,851
2025-11,경기,임대,경기도 포천시 가산면 감암리 187-6,포천삼일파라뷰(민간임대),406
2026-01,경기,임대,경기도 화성시 동탄순환대로8길 11,동탄호수공원 자연&자이(장기전세),965
2025-05,경기,분양,경기도 화성시 봉담읍 동화리 162 일원,봉담자이 라젠느,862
2026-05,경기,분양,경기도 화성시 봉담읍 동화리 176 일원,봉담 중흥S-클래스 센트럴에듀,806
2025-06,경기,분양,경기도 화성시 비봉면 구포리 0-0,화성비봉지구 A-3블록,659
2025-06,경기,임대,경기도 화성시 비봉면 삼화리 0-0,화성비봉 A-3블록 행복주택,329
2025-01,경기,분양,경기도 화성시 비봉면 삼화리 1841,호반 써밋,779
2025-01,경기,분양,경기도 화성시 비봉면 삼화리 1850,화성비봉 예미지 센트럴에듀,917
2025-01,경기,분양,경기도 화성시 비봉면 삼화리 1910,비봉 우미린 더 퍼스트,798
2026-02,경기,분양,경기도 화성시 송산동  203-1,화성태안3지구 B-3블록 공공분양주택,688
2025-07,경기,분양,경기도 화성시 신동  0-0,동탄 파크릭스 A55BL,660
2026-07,경기,분양,경기도 화성시 신동  0-0,동탄신도시 금강펜테리움7차 센트럴파크,662
2026-02,경기,분양,경기도 화성시 신동  산165 일원,동탄신도시 금강펜테리움 6차 센트럴파크,1103
2025-07,경기,분양,경기도 화성시 신동  신동 202 일원,동탄 파크릭스 A52BL,679
2025-07,경기,분양,경기도 화성시 신동 162 일원,동탄 파크릭스 A51-1BL,310
2025-07,경기,분양,경기도 화성시 신동 175-1 일원,동탄 파크릭스 A51-2BL,414
2025-08,경기,분양,경기도 화성시 신동 239-1 일원, 어울림 파밀리에 ,640
2025-08,경기,분양,경기도 화성시 신동 297-1 일원,숨마데시앙,616
2025-02,경기,분양,경기도 화성시 오산동 979,디에트르 퍼스티지,531
2025-06,경기,임대,경기도 화성시 향남읍 하길리 0-0,화성향남2 A22블록 행복주택,445
2025-06,경기,임대,경기도 화성시 향남읍 하길리 0-0,화성향남2 A21블록 행복주택,605
2026-03,경남,분양,경상남도 거제시 장승포동  499-0,거제 유림노르웨이숲 디오션,299
2025-03,경남,분양,경상남도 고성군 고성읍 교사리 222번지 외 82필지 ,고성 스위트엠 엘크루,435
2025-02,경남,분양,경상남도 김해시 구산동  691-0,푸르지오 파크테르,534
2025-01,경남,분양,경상남도 김해시 내덕동  0-0,중흥S-클래스 더퍼스트 1단지,1040
2025-01,경남,분양,경상남도 김해시 삼계동  1027-12,쌍용 더 플래티넘 삼계,253
2026-05,경남,분양조합,경상남도 김해시 삼문동  466-0,김해 대청천 에피트 ,423
2026-02,경남,분양,경상남도 김해시 신문동  0-0,더샵 신문그리니티,1146
2025-02,경남,분양조합,경상남도 김해시 신문동  699-1,김해율하 더스카이시티 제니스&프라우,3764
2025-12,경남,분양,경상남도 김해시 주촌면 선지리 213-2,e편한세상 주촌 더프리미어,992
2026-10,경남,분양,경상남도 밀양시 삼문동  620-1,삼문 시그니처 웰가,232
2026-03,경남,분양,경상남도 사천시 동금동 151-1번지 일원,e편한세상 삼천포 오션프라임,677
2025-06,경남,분양,경상남도 사천시 용현면 선진리 1116-0,e편한세상 사천 스카이마리나,1047
2025-02,경남,분양,경상남도 사천시 정동면 예수리 817-7,사천파인앤유센텀포레,511
2025-06,경남,분양,경상남도 양산시 덕계동  1050-0,양산 5차 비스타동원 솔라스타,311
2025-02,경남,임대,경상남도 양산시 동면 사송리 A8,양산사송A8(국민임대),403
2025-02,경남,임대,경상남도 양산시 동면 사송리 A8,양산사송A8(영구임대),255
2025-02,경남,임대,경상남도 양산시 동면 사송리 A8,양산사송A8(행복주택),150
2025-03,경남,분양,경상남도 양산시 평산동 589-3,양산한신더휴,405
2025-02,경남,임대,경상남도 진주시 가좌동 2033,진주의봄프리미엄(민간임대),773
2026-02,경남,분양,경상남도 진주시 주약동  183-1,백년문화공원 극동스타클래스,166
2025-01,경남,분양,경상남도 진주시 초전동  1752,더샵 진주피에르테,798
2025-10,경남,임대,경상남도 창녕군 영산면  0-0,창녕영산 1BL 행복주택,150
2025-01,경남,분양임대조합,경상남도 창원시 마산회원구 양덕동  165-7,창원 롯데캐슬 하버팰리스,981
2025-04,경남,분양조합,경상남도 창원시 성산구 가음동  14-5,창원자이 시그니처,786
2025-09,경남,분양,경상남도 창원시 성산구 내동  산 33-1,힐스테이트 창원 더퍼스트,1779
2025-04,경남,분양조합,경상남도 창원시 성산구 대원동  37-1,힐스테이트 마크로엔,951
2026-10,경남,조합,경상남도 창원시 성산구 신월동  90,신월2 창원센트럴아이파크,1509
2025-02,경남,임대,경상남도 창원시 성산구 안민동  614-2,성산 삼정그린코아 웰레스트,608
2025-03,경남,분양조합,경상남도 창원시 의창구 동읍 용잠리 374,창원 한양립스 더 퍼스트 아파트,515
2025-04,경남,임대,경상남도 창원시 의창구 명곡동  0-0,창원명곡 A-2BL 행복주택,308
2025-01,경남,분양,경상남도 창원시 의창구 북면 감계리 0-0,감계 데시앙,1000
2026-05,경남,분양,경상남도 창원시 의창구 사화동  670-1,창원 롯데캐슬 포레스트[1BL] ,967
2026-02,경남,분양,경상남도 창원시 의창구 사화동  670-2,창원 롯데캐슬 포레스트[2BL] ,998
2025-10,경남,분양,경상남도 창원시 자산동 70,자산지구,1250
2025-02,경남,분양,경상남도 창원시 진해구 제덕동  865-1,남문동일스위트 The Ocean 1단지,349
2025-03,경남,분양,경상남도 창원시 진해구 제덕동  865-3,남문동일스위트 The Ocean 2단지,264
2025-03,경남,분양,경상남도 통영시 광도면 죽림리 263-1 일원,주영더팰리스지븐,322
2025-04,경남,분양,경상남도 통영시 광도면 죽림리 산 266-10,힐스테이트 통영,784
2025-00,경남,조합,경상남도 통영시 원평리 260 일원,통영더유엘윈썸,506
2025-01,경북,분양,경상북도 경주시 건천읍 화천리 2696,신경주 반도유보라 아이비파크 B5블럭,390
2025-01,경북,분양,경상북도 경주시 건천읍 화천리 2697,반도유보라 아이비파크 B4블럭,1100
2025-01,경북,분양,경상북도 경주시 건천읍 화천리 2707,더 메트로 줌파크,549
2025-11,경북,임대,경상북도 경주시 황성동  1068-2,경주황성 고령자복지 영구임대 주택,137
2025-02,경북,분양,경상북도 경주시 황성동  45-0,힐스테이트 황성,608
2025-05,경북,분양,경상북도 구미시 고아읍 원호리 808,구미 원호자이 더 포레,834
2025-04,경북,분양조합,경상북도 구미시 공단동  108-0,구미 해모로 리버시티,756
2025-03,경북,분양,경상북도 구미시 상모동  0-0,e편한세상 구미상모 트리베뉴,620
2025-05,경북,분양,경상북도 구미시 인의동  515-0,인동 하늘채 디어반 2차,907
2026-11,경북,분양,경상북도 영주시 상망동 산78-1번지 일원,영주자이 시그니처,763
2025-11,경북,분양,경상북도 영주시 휴천동  산 1-1,영주 아이파크,428
2026-06,경북,분양,경상북도 울진군 후포면 금음리 5-4,울진후포 오션더캐슬,123
2025-07,경북,분양,경상북도 칠곡군 석적읍 중리 647-0,우방아이유쉘 유라밸,310
2025-02,경북,분양,경상북도 칠곡군 왜관읍 금산리 0-0,칠곡 왜관 월드메르디앙 웰리지,352
2025-10,경북,분양,경상북도 포항시 남구 구룡포읍 하정리 828-0,포항 푸르지오 마린시티,678
2025-12,경북,분양,경상북도 포항시 북구 득량동  산 19-8,삼구트리니엔 시그니처,547
2025-10,경북,분양,경상북도 포항시 북구 양덕동  산 235-0,힐스테이트 환호공원 [2블록],1404
2025-10,경북,분양,경상북도 포항시 북구 양덕동  산 261-0,힐스테이트 환호공원 [1블록],1590
2026-05,경북,분양,경상북도 포항시 북구 학산동  산 53-15,학산 한신더휴 엘리트파크,1455
2026-05,경북,분양,경상북도 포항시 북구 학잠동  93-4,포항자이 애서턴,1433
2026-10,경북,분양,경상북도 포항시 북구 항구동  17-358,포항자이 디오션,212
2026-05,경북,임대,경상북도 포항시 북구 흥해읍 학성리 0-0,포항흥해 국민임대주택,200
2025-04,광주,분양,광주광역시 광산구 선암동  0-0,광주선운2 신혼희망타운 A-1BL 공공분양,492
2025-04,광주,분양,광주광역시 광산구 선암동  0-0,광주선운2 신혼희망타운 A-3BL 공공분양,249
2025-03,광주,분양조합,광주광역시 광산구 선암동  77-11,어등산 진아리채 리버필드,598
2025-04,광주,임대,광주광역시 광산구 선암동 A1,광주선운2A1신혼희망타운(행복주택),336
2025-04,광주,임대,광주광역시 광산구 선암동 A3,광주선운2A3신혼희망타운(행복주택),147
2025-09,광주,분양조합,광주광역시 광산구 신창동  산 98-2,신창 유탑 유블레스 리버시티,304
2026-01,광주,분양,광주광역시 광산구 쌍암동  694-77,벨루미체 첨단,57
2026-07,광주,분양,광주광역시 광산구 운수동  0-0,예다음(B-2블록) ,554
2026-02,광주,분양조합,광주광역시 광산구 하산동  254-1,광산센트럴파크,397
2025-03,광주,분양,광주광역시 남구 방림동 473-5,오네뜨하이브,199
2025-09,광주,분양조합,광주광역시 남구 월산동  318-0,더퍼스트 데시앙,565
2026-05,광주,분양임대조합,광주광역시 동구 계림동  125-0,교대역 모아엘가 그랑데,815
2026-09,광주,분양조합,광주광역시 북구 동림동  272-0,운암산공원 진아리채 그랑뷰,414
2026-12,광주,분양,광주광역시 북구 매곡동  355-0,힐스테이트 중외공원 3블록,681
2026-12,광주,분양,광주광역시 북구 매곡동  산 131-1,힐스테이트 중외공원 2블록,785
2026-09,광주,분양,광주광역시 북구 본촌동 180,본촌동 코오롱하늘채,428
2026-10,광주,분양임대,광주광역시 북구 삼각동  700-0,위파크 일곡공원,1004
2025-04,광주,분양임대,광주광역시 북구 신안동  산 2-3,산이고운 신용PARK,265
2026-09,광주,분양,광주광역시 북구 연제동  583-6,연제첨단 광신프로그레스,380
2026-04,광주,분양조합,광주광역시 북구 운암동  252-0,"운암자이포레나 퍼스티체(1,2,3단지)",3214
2025-02,광주,분양,광주광역시 북구 운암동  65-6,센트럴운암 모아엘가 트레뷰,303
2026-10,광주,분양,광주광역시 북구 월출동  0-0,첨단 제일풍경채 A5블록,584
2026-01,광주,분양,광주광역시 서구 금호동  산 109-0,위파크 마륵공원,917
2026-05,광주,분양조합,광주광역시 서구 마륵동  47-7,상무 양우내안愛 퍼스트힐,312
2025-04,광주,분양,광주광역시 서구 쌍촌동  600-0,상무센트럴자이,903
2025-02,광주,분양,광주광역시 서구 치평동  1208-5,광주 상무 퍼스티넘 스위첸,226
2026-08,광주,분양임대,광주광역시 서구 풍암동  10-12,위파크 더 센트럴,695
2025-01,광주,분양,광주광역시 서구 화정동  23-191,화정 골드클래스2차,138
2026-01,대구,분양임대조합,대구광역시 남구 대명동  2017-2,e편한세상 명덕역 퍼스트마크,1758
2026-02,대구,분양,대구광역시 남구 대명동  202-1,힐스테이트 대명 센트럴 2차,977
2026-04,대구,분양임대조합,대구광역시 남구 대명동  2301-2,대명자이 그랜드시티,2023
2025-11,대구,,대구광역시 남구 대명동 289-9,힐스테이트대구,325
2025-09,대구,분양,대구광역시 달서구 감삼동  505-1,해링턴 플레이스 감삼 Ⅲ,363
2026-04,대구,분양,대구광역시 달서구 감삼동  553,해링턴 플레이스 트라이빗,299
2025-04,대구,분양,대구광역시 달서구 감삼동  599-51,이안 엑소디움 에이펙스,117
2025-01,대구,분양조합,대구광역시 달서구 두류동  138-2,두류역 서한포레스트,480
2025-12,대구,분양,대구광역시 달서구 본동  743-0,달서 롯데캐슬 센트럴스카이,481
2025-06,대구,분양,대구광역시 달서구 본동  760-0,빌리브 라디체,520
2026-05,대구,분양,대구광역시 달서구 본동  888-2,더샵 달서 센트엘로,272
2026-03,대구,분양,대구광역시 달서구 본리동  358-5,달서 푸르지오 시그니처,993
2026-06,대구,,대구광역시 달서구 본리동  661-9,본리동 자이,360
2025-06,대구,분양,대구광역시 달서구 상인동  1332-100,상인 푸르지오 센터파크,990
2025-09,대구,임대,대구광역시 달서구 죽전동 74-23,대구죽전(행복주택)산업단지형,50
2026-04,대구,분양,대구광역시 동구 신천동  137-1,힐스테이트 동대구 센트럴,481
2025-01,대구,분양조합,대구광역시 동구 신천동  301-2,더 센트럴 화성파크드림,257
2025-10,대구,분양,대구광역시 동구 신천동  481-1,더 팰리스트 데시앙,418
2025-11,대구,분양,대구광역시 동구 신천동 328-1,e편한세상 동대구역 센텀스퀘어,322
2025-07,대구,분양,대구광역시 북구 고성동1가  162-11,태왕 THE아너스 오페라 아파트,532
2026-02,대구,분양조합,대구광역시 북구 관음동  603-0,태왕아너스 프리미어,200
2026-06,대구,임대,대구광역시 북구 복현동 617-8,복현청아람 더영,278
2025-02,대구,분양,대구광역시 북구 읍내동  1090-0,화성파크드림 구수산공원,520
2025-01,대구,분양,대구광역시 북구 칠성동2가  302-125,빌리브 루센트 ,258
2026-04,대구,분양,대구광역시 북구 칠성동2가  302-141,대구역 센트레빌 더 오페라,245
2026-02,대구,분양,대구광역시 북구 칠성동2가  321-0,대구 힐스테이트 칠성 더오페라,577
2025-04,대구,분양,대구광역시 북구 칠성동2가  500-2,대구역자이 더 스타,424
2026-01,대구,임대,대구광역시 북구 칠성동2가 725,칠성호반써밋하이브파크(민간임대),446
2025-08,대구,분양조합,대구광역시 서구 내당동  220-1,두류역자이,1300
2025-07,대구,분양조합,대구광역시 서구 내당동  225-1,두류 스타힐스,840
2025-07,대구,분양,대구광역시 서구 비산동  934-1,힐스테이트 서대구역 센트럴 ,762
2026-02,대구,분양,대구광역시 수성구 범어동  48-26,범어자이,399
2025-11,대구,조합,대구광역시 수성구 범어동  650,범어아이파크2차,490
2026-02,대구,,대구광역시 수성구 범어동 1,대구MBC부지 주거복합,604
2025-00,대구,,대구광역시 수성구 지산동 1055-1,더파크수성못,108
2025-01,대구,분양,대구광역시 수성구 파동  118-118,수성 포레스트 스위첸,755
2026-04,대구,,대구광역시 신천동 311-4,신천동푸르지오,540
2025-11,대구,분양,대구광역시 중구 공평동  58-1,더샵 동성로센트리엘,392
2025-11,대구,,대구광역시 중구 남산동 2116-19번지 일원,명덕역 루지움 푸르나임(남산행복가로주택),152
2025-11,대구,,대구광역시 중구 남산동 938-1번지 일원,반월당역 반도유보라,147
2025-05,대구,분양,대구광역시 중구 동인동1가  211-0,힐스테이트 동인,941
2026-08,대구,,대구광역시 중구 사일동 15-1번지 일원,사일동 주상복합,299
2025-03,대구,분양,대구광역시 중구 태평로 105(태평로3가),힐스테이트 대구역 퍼스트 2차,174
2025-03,대구,분양,대구광역시 중구 태평로3가  221-5,힐스테이트 대구역 퍼스트,216
2025-05,대전,분양,대전광역시 대덕구 송촌동  산 25-6,엘리프 송촌 더 파크,799
2026-05,대전,분양,대전광역시 대덕구 읍내동  521-9,대전 대덕 한양수자인,264
2025-00,대전,임대,대전광역시 동구 낭월동  190-1,낭월다가온,162
2026-06,대전,분양,대전광역시 동구 삼성동  112-1,e편한세상 대전역 센텀비스타,400
2025-07,대전,분양,대전광역시 동구 인동  72-1,대전스카이자이르네,175
2025-00,대전,임대,대전광역시 동구 홍도동  1014,에코시티,46
2026-11,대전,분양임대,대전광역시 서구 가수원동  656-2,관저 푸르지오 센트럴파크 2단지,330
2026-11,대전,분양임대,대전광역시 서구 관저동  7-27,관저 푸르지오 센트럴파크 1단지,330
2025-01,대전,분양임대조합,대전광역시 서구 도마동  145-8,호반써밋 그랜드 센트럴,1558
2026-05,대전,분양,대전광역시 서구 도마동  산 39-1,한화 포레나 대전월평공원 2단지,690
2025-02,대전,분양조합,대전광역시 서구 용문동  225-9,둔산 더샵 엘리프 ,2763
2025-07,대전,분양,대전광역시 서구 용문동  593-11,대전 씨엘리오 스위첸,146
2026-02,대전,분양,대전광역시 서구 용문동  594-6,대전 에테르 스위첸,138
2026-05,대전,분양,대전광역시 서구 정림동  산 23-21,한화 포레나 대전월평공원 1단지,659
2025-06,대전,분양조합,대전광역시 서구 탄방동  514-360,둔산 자이 아이파크,1974
2026-07,대전,분양임대,대전광역시 유성구 용계동  산27-1,도안 우미린 트리쉐이드,1754
2025-12,대전,분양,대전광역시 유성구 원신흥동  660-0,갑천2 트리풀시티 엘리프 민간참여형 공공분양주택,474
2025-12,대전,분양,대전광역시 유성구 원신흥동  660-0,갑천2 트리풀시티 엘리프 민간참여형 민영주택,462
2025-11,대전,임대,대전광역시 유성구 장대동 232,대전장대A1(행복주택),800
2026-02,대전,분양임대,대전광역시 유성구 학하동  676-1,포레나 대전학하 1단지,1029
2026-12,대전,분양임대조합,대전광역시 중구 문화동  330-0,e편한세상 서대전역 센트로,749
2025-04,대전,분양임대조합,대전광역시 중구 선화동  339-55,해링턴 플레이스 휴리움,997
2025-04,대전,분양,대전광역시 중구 선화동  87-5,대전 하늘채 스카이앤 2차,743
2025-03,대전,분양조합,대전광역시 중구 중촌동  21-0,중촌 SK VIEW,808
2025-05,부산,분양,부산광역시 강서구 강동동  0-0,강서자이 에코델타,856
2025-04,부산,분양,부산광역시 강서구 강동동  0-0,e편한세상 에코델타 센터포인트,953
2025-06,부산,분양,부산광역시 강서구 강동동  0-0,에코델타시티 푸르지오 센터파크,972
2025-10,부산,분양,부산광역시 강서구 강동동  0-0,에코델타시티 푸르지오 린,886
2026-02,부산,분양,부산광역시 강서구 강동동  0-0,에코델타시티 대성베르힐 17BL,1120
2026-06,부산,분양,부산광역시 강서구 강동동  0-0,부산에코델타시티 디에트르 더 퍼스트(28BL),972
2026-11,부산,분양,부산광역시 강서구 강동동  0-0,증흥S-클래스,1067
2026-06,부산,분양조합,부산광역시 금정구 남산동  3-1,e편한세상 금정 메종카운티,415
2025-05,부산,분양,부산광역시 기장군 장안읍 좌동리 463-3,부산장안지구중흥S클래스B2(사전청약),531
2026-05,부산,분양조합,부산광역시 남구 대연동 455-25,한화포레나 부산대연,367
2026-06,부산,분양조합,부산광역시 남구 문현동  295-1,롯데캐슬 인피니엘,715
2026-01,부산,분양임대조합,부산광역시 남구 우암동  129-0,두산위브더제니스 오션시티,3048
2026-12,부산,분양임대조합,부산광역시 남구 우암동  189-0,해링턴 마레,2205
2025-11,부산,분양,부산광역시 부산진구 당감동  865-20,서면4차 봄여름가을겨울,607
2025-02,부산,분양임대,부산광역시 부산진구 범천동 1123-124,LH센트럴힐(공공임대),104
2025-08,부산,분양,부산광역시 부산진구 부암동  298-163,부암2차 비스타동원 아트포레,440
2025-05,부산,분양,부산광역시 부산진구 부암동  80-53,서면경남아너스빌엔테로까사,80
2025-04,부산,분양,부산광역시 부산진구 양정동  399-2,두산위브더제니스 센트럴 양정,244
2025-06,부산,분양,부산광역시 부산진구 양정동  406-5,아뜰리에933,72
2025-01,부산,분양임대조합,부산광역시 부산진구 양정동  73-7,양정자이더샵SKVIEW,2276
2025-04,부산,분양,부산광역시 부산진구 전포동  191-957,서면 가화만사성 더 테라스,158
2025-05,부산,분양조합,부산광역시 북구 덕천동 361,덕천3(삼진·목화아파트)  한화포레나 부산덕천3차,429
2025-03,부산,분양,부산광역시 사상구 주례동  213-22,냉정역 비스타동원,120
2025-01,부산,분양,부산광역시 사하구 하단동  510-27,사하 삼정그린코아 더시티,216
2025-04,부산,분양,부산광역시 서구 암남동  115-18,송도자이르네 디오션,227
2026-06,부산,분양임대조합,부산광역시 수영구 광안동  1240-38,드파인광안,1233
2026-09,부산,분양,부산광역시 연제구 거제동 439-10,거제역 양우내안애 아시아드,168
2026-06,부산,분양조합,부산광역시 연제구 연산동  1587-8,시청역 해모로 센티아,376
2025-08,부산,분양조합,부산광역시 연제구 연산동  588-1,연산 하늘채 엘센트로,368
2026-05,부산,분양,부산광역시 해운대구 송정동  201-1,더폴 디오션,184
2025-07,서울,조합,서울특별시 강남구 논현동 150-4,논현세광연립,41
2026-11,서울,임대,서울특별시 강남구 논현동 221-16,강남구 논현동 221-16(청년안심주택),94
2025-08,서울,분양임대조합,서울특별시 강남구 대치동  964-0,디에이치 대치 에델루이,282
2026-10,서울,분양임대조합,서울특별시 강남구 도곡동  540-0,래미안 레벤투스,308
2025-05,서울,임대,서울특별시 강남구 도곡동 954-17,강남구 도곡동 954-17(청년안심주택),209
2025-02,서울,조합,서울특별시 강남구 삼성동 79,아크로삼성,419
2025-11,서울,분양임대조합,서울특별시 강남구 청담동  134-18,청담 르엘,1261
2025-10,서울,조합,서울특별시 강남구 청담동 34,"영동,한양빌라",42
2025-01,서울,임대,서울특별시 강동구 강일동  0-0,고덕강일2단지,697
2025-02,서울,임대,서울특별시 강동구 길동 367-1,강동구 길동 367-1(청년안심주택),297
2025-02,서울,임대,서울특별시 강동구 길동 368-7,강동구 길동 368-7(청년안심주택),270
2025-06,서울,분양조합,서울특별시 강동구 명일동 263-2,명일동 현대하이츠연립,30
2025-04,서울,분양임대,서울특별시 강동구 성내동  15-0,그란츠 리버파크,407
2025-02,서울,분양,서울특별시 강동구 천호동  334-2,천호역 마에스트로,77
2026-05,서울,분양,서울특별시 강동구 천호동  356-0,VIORR(비오르),53
2025-12,서울,분양임대조합,서울특별시 강동구 천호동  410-100,더샵 강동센트럴시티,670
2026-01,서울,분양임대조합,서울특별시 강동구 천호동  423-76,e편한세상 강동 프레스티지원,535
2025-02,서울,임대,서울특별시 강동구 천호동  555-0,강동천호 행복주택,94
2026-08,서울,분양임대,서울특별시 강북구 미아동  194-2,엘리프 미아역 1단지,78
2026-08,서울,분양임대,서울특별시 강북구 미아동  195-0,엘리프 미아역 2단지,182
2025-11,서울,분양,서울특별시 강북구 미아동  705-1,한화 포레나 미아,497
2025-12,서울,임대,서울특별시 강북구 수유동 47-52,수유동47-52(청년안심주택),426
2026-03,서울,임대,서울특별시 강서구 공항동 11-21,강서구 공항동 11-21(청년안심주택),176
2026-07,서울,임대,서울특별시 강서구 공항동 50-5,강서구 공항동 50-5(청년안심주택),157
2025-05,서울,임대,서울특별시 강서구 내발산동 647-1,내발산동647-1(청년안심주택),716
2026-10,서울,분양임대조합,서울특별시 강서구 등촌동  366-24,힐스테이트 등촌역 ,543
2025-11,서울,분양조합,서울특별시 강서구 등촌동 654-40,등촌654,73
2026-06,서울,임대,서울특별시 강서구 마곡 도시개발사업구역 내 Ds13,마곡 R&D 도전숙,201
2026-12,서울,임대,서울특별시 강서구 마곡동 1410,방화차고지 복합화,75
2026-06,서울,분양임대,서울특별시 강서구 마곡동 747-1,마곡10-2BL,577
2025-06,서울,임대,서울특별시 강서구 염창동 275,강서구 염창동 275(청년안심주택),156
2025-11,서울,분양임대조합,서울특별시 강서구 염창동 283,덕수연립,66
2025-01,서울,분양임대조합,서울특별시 관악구 봉천동  산 101-0,힐스테이트 관악센트씨엘,997
2025-04,서울,임대,서울특별시 관악구 봉천동 180-311,봉천동 관사(관악봉천),236
2025-05,서울,분양임대조합,서울특별시 관악구 신림동  316-62,서울대벤처타운역 푸르지오,571
2025-08,서울,임대,서울특별시 관악구 신림동 1644-3,관악구 신림동 1644-3(청년안심주택),240
2025-09,서울,분양,서울특별시 광진구 광장동  188-2,포제스 한강,128
2026-11,서울,분양임대조합,서울특별시 광진구 구의동  592-39,강변역 센트럴 아이파크,215
2026-03,서울,임대,서울특별시 광진구 구의동 246-10,구의동246-10(청년안심주택),439
2026-03,서울,임대,서울특별시 광진구 구의동 587-6,광진구 구의동 587-6(청년안심주택),174
2025-03,서울,분양임대,서울특별시 광진구 자양동  680-63,롯데캐슬 이스트폴,1063
2025-02,서울,임대,서울특별시 광진구 자양동  680-63,어울채(서울리츠1호),300
2025-03,서울,임대,서울특별시 광진구 자양동 8-8,더포디엄830(청년안심주택)공공임대,167
2025-02,서울,임대,서울특별시 광진구 자양동 8-8,더포디엄830(청년안심주택)민간임대,313
2025-10,서울,임대,서울특별시 광진구 중곡동 93-13,광진구 중곡동 93-13(청년안심주택),261
2026-04,서울,분양조합,서울특별시 구로구 개봉동  312-38,개봉 루브루 ,295
2025-06,서울,임대,서울특별시 구로구 개봉동 179-11,구로구 개봉동 179-11(청년안심주택),268
2025-05,서울,임대,서울특별시 구로구 개봉동 403-29,구로구 개봉동 403-29(청년안심주택),605
2026-04,서울,분양조합,서울특별시 구로구 구로동 33,신도림역동문디이스트,61
2025-08,서울,분양조합,서울특별시 구로구 오류동  213-1,천왕역 모아엘가 트레뷰,440
2026-03,서울,임대,서울특별시 금천구 독산동 292-6,독산동292-6(청년안심주택),589
2026-05,서울,임대,서울특별시 금천구 시흥동 103-3,금천구 시흥동 103-3(청년안심주택),180
2025-05,서울,분양조합,서울특별시 금천구 시흥동 973-4,유림,36
2025-07,서울,임대,서울특별시 노원구 상계동 1049-71,상계동1049-71(청년안심주택),443
2025-12,서울,임대,서울특별시 노원구 상계동 690,상계동690(청년안심주택),302
2025-06,서울,임대,서울특별시 노원구 월계동 410-3,노원구 월계동 410-3(청년안심주택),275
2026-03,서울,분양임대조합,서울특별시 도봉구 도봉동  95-0,도봉 금호어울림 리버파크,299
2025-07,서울,임대,서울특별시 도봉구 방학동 717-6,도봉롯데캐슬골든파크(민간임대),282
2025-02,서울,분양,서울특별시 도봉구 창동  662-7,창동 다우아트리체,89
2025-04,서울,분양임대조합,서울특별시 동대문구 답십리동  12-0,e편한세상 답십리 아르테포레,326
2025-10,서울,임대,서울특별시 동대문구 신설동 98-18,동대문구 신설동 98-18(청년안심주택),99
2025-07,서울,분양임대,서울특별시 동대문구 용두동  26-14,용두 1-3구역(힐스테이트 청량리 메트로블),288
2025-11,서울,분양임대조합,서울특별시 동대문구 이문동  149-8,이문 아이파크 자이,4334
2025-01,서울,분양임대조합,서울특별시 동대문구 이문동  257-42,래미안 라그란데,3069
2025-08,서울,임대,서울특별시 동대문구 장안동 418-1,동대문구 장안동 418-1(청년안심주택),125
2025-03,서울,임대,서울특별시 동대문구 장안동 465-4,장안동하트리움(청년안심주택)민간임대,145
2025-06,서울,임대,서울특별시 동대문구 장안동 465-4,장안동하트리움(청년안심주택)공공임대,139
2025-10,서울,임대,서울특별시 동대문구 전농동 127-359,동대문구 전농동 127-359(청년안심주택),206
2026-04,서울,분양임대조합,서울특별시 동대문구 청량리동  199-5,청량리 롯데캐슬 하이루체,761
2025-06,서울,분양임대조합,서울특별시 동대문구 휘경동  172-0,휘경자이 디센시아,1806
2025-06,서울,임대,서울특별시 동대문구 휘경동 244-1,휘경동244-1(청년안심주택),349
2026-04,서울,임대,서울특별시 동작구 노량진동 39-20,동작구 노량진동 39-20(청년안심주택),260
2026-11,서울,임대,서울특별시 동작구 사당동 1008-1,동작구 사당동 1008-1(청년안심주택),162
2026-00,서울,임대,서울특별시 동작구 사당동 1046-1,한누리주차장,46
2026-02,서울,분양임대,서울특별시 동작구 상도동 373-1,상도동힐스테이트장승배기역,370
2026-00,서울,임대,서울특별시 동작구 상도동 54-20,청석주차장,36
2026-00,서울,분양임대,서울특별시 동작구 신대방동  377-1,동작 보라매역 프리센트,124
2025-03,서울,임대,서울특별시 동작구 신대방동 351-5,동작구 신대방동 351-5(청년안심주택),330
2025-07,서울,분양임대,서울특별시 마포구 노고산동  107-38,빌리브 디 에이블,299
2025-00,서울,임대,서울특별시 마포구 노고산동 49-29,신촌지역(마포)1-2,98
2026-10,서울,분양조합,서울특별시 마포구 동교동 200-2,기린동산빌라,123
2025-08,서울,분양조합,서울특별시 마포구 신공덕동  27-8,신공덕 아이파크 도시형생활주택,140
2026-08,서울,분양임대,서울특별시 마포구 신수동 91-90,광흥창역,488
2026-09,서울,임대,서울특별시 마포구 염리동 172-10,마포구 염리동 172-10(청년안심주택),299
2026-11,서울,임대,서울특별시 마포구 염리동 85-2,마포구 염리동 85-2(청년안심주택),499
2026-03,서울,분양조합,서울특별시 마포구 용강동 39-1,우석연립,69
2025-11,서울,분양임대조합,서울특별시 서대문구 남가좌동  289-54,DMC가재울아이파크,283
2026-09,서울,임대,서울특별시 서대문구 북가좌동 333-1,서대문구 북가좌동 333-1(청년안심주택),382
2026-07,서울,분양조합,서울특별시 서대문구 영천동  69-20,경희궁 유보라,199
2026-10,서울,임대,서울특별시 서대문구 창천동 502-11,서대문구 창천동 502-11(청년안심주택),288
2025-06,서울,분양임대조합,서울특별시 서대문구 홍은동  11-111,서대문 센트럴 아이파크,827
2026-08,서울,분양조합,서울특별시 서초구 반포동 1109,반포주공1단지(3주구),2091
2026-09,서울,분양임대조합,서울특별시 서초구 방배동  946-8,디에이치 방배,3064
2026-03,서울,임대,서울특별시 서초구 방배동 1955,서초구 방배동 1955(청년안심주택),144
2025-11,서울,분양조합,서울특별시 서초구 방배동 818-14,레미안 원페를라,1097
2025-04,서울,분양조합,서울특별시 서초구 방배동 911-3,대진빌라,34
2026-10,서울,임대,서울특별시 서초구 서초동 1448-1,서초구 서초동 1448-1(청년안심주택),835
2025-08,서울,임대,서울특별시 서초구 서초동 1673-3,서초구 서초동 1673-3(청년안심주택),76
2026-07,서울,임대,서울특별시 서초구 서초동 1676-4,서초구 서초동 1676-4(청년안심주택),252
2026-05,서울,임대,서울특별시 서초구 양재동 산17-7,서초구 양재동 산17-7(청년안심주택),192
2025-10,서울,분양임대조합,서울특별시 서초구 잠원동  59-10,신반포21차아파트 ,251
2025-06,서울,분양임대조합,서울특별시 서초구 잠원동  60-3,메이플자이,3307
2026-06,서울,조합,서울특별시 서초구 잠원동 49-17,신반포18차337동,178
2026-03,서울,임대,서울특별시 성동구 마장동 339-2,마장동339-2(청년안심주택),346
2025-06,서울,임대,서울특별시 성동구 마장동 783-5,성동구 마장동 783-5(청년안심주택),130
2025-12,서울,조합,서울특별시 성동구 성수동1가 671-179,서울숲역(뚝섬 주변지역 특별계획구역1),528
2025-01,서울,조합,서울특별시 성동구 성수동1가 721,서울숲역(뚝섬 주변지역 특별계획구역2),825
2025-08,서울,분양임대조합,서울특별시 성동구 용답동  121-0,청계 SK VIEW,396
2026-05,서울,임대,서울특별시 성동구 용답동 68-2,성동구 용답동 68-2(청년안심주택),228
2025-07,서울,분양임대조합,서울특별시 성동구 행당동  128-0,라체르보 푸르지오 써밋,958
2026-03,서울,임대,서울특별시 성동구 홍익동 150,성동구 홍익동 150(청년안심주택),266
2026-09,서울,분양조합,서울특별시 성북구 보문동1가  196-11,보문 센트럴 아이파크,199
2025-05,서울,분양조합,서울특별시 성북구 석관동  338-18,상월곡역 장위아트포레 도시형생활주택,191
2026-06,서울,임대,서울특별시 성북구 석관동 173-1,성북구 석관동 173-1(청년안심주택),242
2025-03,서울,분양임대조합,서울특별시 성북구 장위동  62-1,장위자이 레디언트,2840
2025-04,서울,임대,서울특별시 성북구 종암동 83-3,성북구 종암동 83-3(청년안심주택),290
2026-09,서울,임대,서울특별시 성북구 하월곡동 80-55,성북구 하월곡동 80-55(청년안심주택),254
2025-03,서울,임대,서울특별시 성북구 하월곡동 88-222,성북구 하월곡동 88-222(청년안심주택),299
2026-03,서울,임대,서울특별시 성북구 하월곡동 88-513,성북구 하월곡동 88-513(청년안심주택),415
2026-05,서울,분양조합,서울특별시 송파구 가락동 161-3,더샵송파루미스타,179
2026-08,서울,분양조합,서울특별시 송파구 거여동 136-49번지,영풍빌라,45
2025-04,서울,분양조합,서울특별시 송파구 송파동 171,송파성지아파트,327
2025-12,서울,분양임대조합,서울특별시 송파구 신천동  20-4,잠실 래미안아이파크,2678
2025-12,서울,분양임대조합,서울특별시 송파구 신천동 17-6,잠실르엘(미성크로바재건축),1865
2026-08,서울,임대,서울특별시 송파구 장지동 842-1,송파구 장지동 842-1(청년안심주택),484
2025-06,서울,분양조합,서울특별시 양천구 신월1동 118-47,덕화주택,70
2026-06,서울,분양조합,서울특별시 양천구 신정2동 282-11,신정282,103
2025-09,서울,분양,서울특별시 영등포구 당산동6가  331-1,디마크 당산,152
2026-11,서울,임대,서울특별시 영등포구 신길동 1300,영등포구 신길동 1300(청년안심주택),281
2026-03,서울,분양임대조합,서울특별시 영등포구 양평동1가  265-1,영등포자이 디그니티,707
2025-05,서울,분양임대조합,서울특별시 영등포구 양평동1가 30,양평동동문디이스트(민간임대),79
2025-07,서울,임대,서울특별시 용산구 갈월동 98-6,용산구 갈월동 98-6(청년안심주택),269
2025-05,서울,임대,서울특별시 용산구 서계동 100-1,용산구 서계동 100-1(청년안심주택),265
2025-03,서울,분양조합,서울특별시 용산구 한강로2가  210-1,용산 호반써밋 에이디션,110
2026-10,서울,분양임대조합,"서울특별시 은평구 대조동 88, 89 ",힐스테이트메디알레,2451
2025-11,서울,분양조합,서울특별시 은평구 신사동  170-12,새절역 두산위브 트레지움,424
2025-06,서울,임대,서울특별시 은평구 진관동 149-4,서울은평뉴타운디에트르더퍼스트(민간임대),452
2026-06,서울,임대,서울특별시 중랑구 묵동 165,중랑구 묵동 165(청년안심주택),927
2026-06,서울,임대,서울특별시 중랑구 묵동 8,중랑구 묵동 8(청년안심주택),724
2025-09,서울,임대,서울특별시 중랑구 상봉동 100,상봉동100(청년안심주택),351
2025-07,서울,임대,서울특별시 중랑구 상봉동 109-28,중랑구 상봉동 109-28(청년안심주택),782
2026-06,서울,임대,서울특별시 중랑구 상봉동 116-49,중랑구 상봉동 116-49(청년안심주택),299
2026-01,서울,분양조합,서울특별시 중랑구 중화2동 296-44번지,세광하니타운,219
2025-11,서울,분양임대조합,서울특별시 중랑구 중화동  331-1,리버센 SK VIEW 롯데캐슬,1055
2025-03,세종,임대,세종특별자치시 산울동  0-0,통합공공임대주택 일자리연계형 지원주택 6-3UR1,200
2025-03,세종,임대,세종특별자치시 산울동  0-0,통합공공임대주택 6-3UR2BL,216
2025-11,세종,임대,세종특별자치시 산울동  0-0,행정중심복합도시 6-3M중1 행복주택,238
2025-01,세종,임대,세종특별자치시 산울동  산 7-0,행정중심복합도시 6-3M4BL 신혼희망타운 통합공공임대,161
2025-01,세종,분양임대,세종특별자치시 연기면 한별리(구) 0-0,엘리프세종6-3 신혼희망타운,475
2025-01,세종,분양,세종특별자치시 연기면 한별리(구) 0-0,엘리프세종6-3 공공분양,560
2025-05,세종,임대,세종특별자치시 조치원읍  0-0,세종조치원역1 행복주택(일자리연계형),151
2026-09,울산,분양,울산광역시 남구 신정동  1136-3,e편한세상 신정 스카이하임,158
2025-12,울산,분양,울산광역시 남구 신정동  1154-7,문수로 금호어울림 더 퍼스트,402
2026-06,울산,분양,울산광역시 남구 신정동  1266-6,푸르지오 어반피스,339
2026-08,울산,분양,울산광역시 남구 신정동  1267-6,문수로 롯데캐슬 그랑파르크,193
2025-12,울산,분양,울산광역시 남구 신정동  22-4,빌리브 리버런트,311
2025-07,울산,분양,울산광역시 남구 신정동  836-3,울산대공원 한신더휴,302
2026-11,울산,분양,울산광역시 남구 야음동  828-9,e편한세상 번영로 리더스포레,192
2026-08,울산,분양,울산광역시 남구 옥동  651-2,옥동 경남아너스빌 ubc,320
2025-06,울산,분양,울산광역시 북구 신천동  476-4,유보라 신천매곡,352
2026-11,울산,분양,울산광역시 울주군 범서읍 서사리 0-0,우미린 더 시그니처,1430
2025-06,울산,분양,울산광역시 울주군 범서읍 서사리 산25,울산다운2A9(신혼희망타운),835
2025-06,울산,임대,울산광역시 울주군 범서읍 서사리 산25,울산다운2A9신혼희망타운(행복주택),417
2025-00,울산,분양,울산광역시 울주군 온양읍 대안리 269-1,(가칭)센텀엘까사,149
2025-05,울산,분양,울산광역시 울주군 청량읍 덕하리 409-9,울산덕하역 신일해피트리 더루츠,672
2025-10,울산,임대,울산광역시 중구 다운동  0-0,울산다운2 A-6블록 행복주택,800
2025-10,울산,임대,울산광역시 중구 다운동  0-0,울산다운2 A-5블록 국민임대주택,701
2025-04,울산,분양조합,울산광역시 중구 다운동  741-2,다운 한양립스 더 퍼스트 하임,400
2025-03,울산,분양조합,울산광역시 중구 우정동 187-3,유탑유블레스,312
2025-07,인천,임대,인천광역시 강화군 강화읍 신문리 573-3,강화신문 2단지 행복주택,40
2025-07,인천,임대,인천광역시 강화군 강화읍 신문리 573-3,강화신문 2단지(마을정비형) 영구임대주택,30
2025-07,인천,임대,인천광역시 강화군 강화읍 신문리 573-3,강화신문 2단지(마을정비형) 국민임대주택,60
2026-12,인천,분양,인천광역시 계양구 동양동  172-0,인천계양지구 A3블록 신혼희망타운,359
2026-12,인천,분양,인천광역시 계양구 동양동  172-0,ANDANTE(인천계양 A2 공공분양),747
2026-12,인천,,인천광역시 계양구 동양동 410-5,인천계양 A3,179
2025-10,인천,분양,인천광역시 계양구 작전동  286-2,인천 작전 한라비발디,340
2025-08,인천,분양,인천광역시 계양구 효성동  324-6,제일풍경채 계양 위너스카이 B블록,566
2025-08,인천,분양,인천광역시 계양구 효성동  352-2,제일풍경채 계양 위너스카이 A블록,777
2025-12,인천,분양임대조합,인천광역시 남동구 간석동  514-0,인천시청역 한신더휴,469
2026-01,인천,분양조합,인천광역시 동구 송림동  42-215,인천 두산위브 더센트럴,1321
2025-08,인천,분양,인천광역시 미추홀구 도화동  843-0,서희스타힐스 더 도화,144
2025-01,인천,분양,인천광역시 미추홀구 숭의동,힐스테이트숭의역,748
2026-06,인천,분양임대조합,인천광역시 미추홀구 숭의동  18-0,e편한세상 제물포역 파크메종,736
2025-06,인천,분양임대조합,인천광역시 미추홀구 숭의동  232-1,두산위브더제니스,1115
2025-12,인천,분양임대조합,인천광역시 미추홀구 주안동  590-22,주안 센트럴 파라곤,1291
2025-04,인천,분양조합,인천광역시 미추홀구 주안동  882-1,주안 극동스타클래스 더 로얄,357
2025-01,인천,분양,인천광역시 미추홀구 학익동  0-0,시티오씨엘 4단지,428
2026-04,인천,분양임대조합,인천광역시 미추홀구 학익동  290-1,포레나 인천학익 ,562
2025-02,인천,분양조합,인천광역시 부평구 부평동  767-1,부평 하우스토리 어반그린,160
2026-08,인천,임대,인천광역시 부평구 산곡동 70-8 일원,인천산곡 행복주택(A1),400
2026-05,인천,분양,인천광역시 서구 가정동  58-2,인천가정2 A2블록 신혼희망타운(공공분양),534
2026-05,인천,임대,인천광역시 서구 가정동  58-2,인천가정2 A2블록 신혼희망타운(행복주택),267
2025-08,인천,임대,인천광역시 서구 당하동 1335-2,인천검단AA35-2(국민임대),593
2025-08,인천,임대,인천광역시 서구 당하동 1335-2,인천검단AA35-2(영구임대),490
2025-08,인천,임대,인천광역시 서구 당하동 1335-3,인천검단AA35-1블록 행복주택,855
2026-07,인천,분양,인천광역시 서구 마전동 AA29블록,e편한세상 검단 에코비스타,732
2026-10,인천,분양,인천광역시 서구 불로동  0-0,제일풍경채 검단 Ⅲ ,610
2026-10,인천,분양,인천광역시 서구 불로동 0-0,인천검단AA21(공공분양),1224
2025-01,인천,분양,인천광역시 서구 불로동 AA16,힐스테이트검단웰카운티(AA16),1535
2026-05,인천,분양,인천광역시 서구 불로동 AA20블록,디에트르 더 에듀,781
2025-11,인천,분양,인천광역시 서구 불로동 AA23블록,검단신도시 금강펜테리움 3차 센트럴파크,1049
2025-09,인천,분양,인천광역시 서구 불로동 AB17블록,우미린 클래스원,875
2025-04,인천,분양,인천광역시 서구 불로동 AB18블록,제일풍경채 검단Ⅱ ,1734
2026-03,인천,분양,인천광역시 서구 불로동 AB19블록,검단호수공원역 호반써밋,856
2025-01,인천,분양,인천광역시 서구 불로동 불로2지구 9블록 1로트 및 2로트,힐스테이트 불로 포레스트,736
2026-12,인천,분양,인천광역시 서구 연희동  166-10,인천 연희공원 호반써밋 파크에디션,1370
2025-02,인천,분양,인천광역시 서구 오류동  1719-5,왕길역 금호어울림 에듀그린,243
2026-07,인천,분양,인천광역시 서구 원당동  0-0,e편한세상 검단 웰카운티(공공분양),1458
2026-06,인천,분양,인천광역시 서구 원당동  810-1,칸타빌 더 스위트,625
2026-04,인천,분양,인천광역시 서구 원당동  RC1블록,검단신도시 롯데캐슬 넥스티엘,372
2025-06,인천,분양,인천광역시 서구 원당동  RC4블록,금강펜테리움 더 시글로 2차,483
2026-12,인천,분양,인천광역시 서구 원당동 AB13,인천검단AB13호반써밋Ⅲ(사전청약),905
2025-03,인천,분양,인천광역시 연수구 송도동  30-5,더샵송도아크베이,775
2025-02,인천,분양,인천광역시 연수구 송도동  396-1,송도 Luxe Ocean SK VIEW,1114
2025-06,인천,분양,인천광역시 연수구 송도동  397-2,힐스테이트 레이크 송도 4차,1319
2025-06,인천,분양,인천광역시 연수구 송도동 155-1,송도아메리칸타운더샵(M2-1),498
2025-04,인천,분양,인천광역시 연수구 옥련동  118-44,KTX송도역 서해그랑블 더 파크,348
2025-06,인천,분양조합,인천광역시 연수구 옥련동  271-17,송도역 경남아너스빌,218
2025-04,인천,분양조합,인천광역시 중구 신흥동3가  7-79,신흥동3가 숭의역 엘크루,440
2025-01,인천,분양,인천광역시 중구 운남동  0-0,인천영종지구 A37블록,514
2026-03,인천,분양,인천광역시 중구 운남동  1710-1,영종 오션파크 모아엘가 그랑데,560
2025-06,인천,분양,인천광역시 중구 운남동  1710-2,제일풍경채 디오션,670
2025-01,인천,분양,인천광역시 중구 운서동  0-0,ANDANTE,675
2026-04,인천,분양,인천광역시 중구 운서동  3085-4,운서역 대라수 어썸에듀,311
2025-08,인천,임대,인천광역시 중구 운서동 3085-1,영종유승한내들스카이2차(A11)민간임대,243
2025-09,전남,임대,전라남도 강진군 군동면 호계리 879-2,강진승원팰라체리버시티(민간임대),226
2025-12,전남,분양,전라남도 광양시 광양읍 용강리 산 1-1,광양 푸르지오 센터파크,992
2026-12,전남,분양,전라남도 광양시 마동  348-4,더샵 레이크센텀,925
2026-03,전남,임대,전라남도 광양시 중동 1322-1,광양중동센텀유블레스(민감임대),376
2025-01,전남,분양,전라남도 나주시 송월동  135-3,나주역자이 리버파크,1554
2025-05,전남,분양조합,전라남도 담양군 담양읍 백동리 248-13,담양센트럴파크 남양휴튼,224
2025-03,전남,임대,전라남도 목포시 상동 1129-1,미래엔스위트,193
2026-12,전남,분양,전라남도 목포시 석현동  1175-11,하당 르파르크시그니처,70
2025-02,전남,임대,전라남도 목포시 석현동 669-38,중해마루힐,264
2025-02,전남,분양,전라남도 무안군 일로읍  오룡리 284,남악오룡 시티프라디움,534
2025-07,전남,분양,전라남도 무안군 일로읍 망월리 43블록,무안 오룡지구 우미린 1차,372
2025-07,전남,임대,전라남도 무안군 일로읍 망월리 43블록,무안 오룡지구 우미린 2차,685
2025-07,전남,분양,전라남도 순천시 덕암동  142-0,순천 푸르지오 더 퍼스트,560
2025-06,전남,분양,전라남도 순천시 조례동  1519-1,조례 한양수자인 디에디션,340
2025-06,전남,분양,전라남도 여수시 관문동  232-0,여수 더로제아델리움 해양공원,184
2025-01,전남,분양,전라남도 여수시 오림동  373-0,한국아델리움 프라하,186
2025-10,전남,분양,전라남도 여수시 학동  74-0,쌍용 더플래티넘 여수 35,244
2026-06,전남,분양,전라남도 장성군 장성읍 기산리 112-3,장성 남양휴튼 리버파크,180
2026-10,전남,분양,전라남도 장성군 진원면  0-0,힐스테이트 첨단센트럴,1520
2026-10,전남,분양,전라남도 장성군 진원면 산동리 0-0,첨단 제일풍경채 A2블록,1845
2025-04,전남,임대,전라남도 장흥군 장흥읍 건산리 757-3,장흥 대경 파미안 임대아파트,68
2025-05,전남,분양,전라남도 함평군 대동면 향교리 827-5,함평 엘리체 시그니처,232
2026-02,전남,임대,전라남도 해남군 해남읍 해리 0-0,해남해리 2BL 국민임대주택,400
2025-12,전남,분양,전라남도 화순군 화순읍 삼천리 703-0,화순센텀 모아엘가 트레뷰,341
2026-08,전북,조합,전라북도 익산시 신동 142-111,청솔아파트 ,295
2025-03,전북,분양,전라북도 익산시 평화동 90-20 일원(익산평화지구),익산평화 주거환경개선사업지구 공공분양주택,1053
2025-09,전북,분양,전북특별자치도 고창군 고창읍 석교리 11-2,고창 광신프로그레스,206
2026-12,전북,분양,전북특별자치도 군산시 경장동  504-4,효성해링턴 플레이스 군산,275
2025-07,전북,분양,전북특별자치도 군산시 구암동  272-3,e편한세상 군산 디오션루체,800
2025-05,전북,분양,전북특별자치도 군산시 구암동  317-4,더샵 군산프리미엘,704
2025-10,전북,분양,전북특별자치도 군산시 내흥동  1019-0,군산 신역세권 예다음,569
2025-06,전북,임대,전북특별자치도 군산시 미룡동  산 197-0,제이아트 은파 더 레이크 장기일반민간임대주택,219
2026-12,전북,임대,전북특별자치도 군산시 미룡동 92-13,은파호수공원유탑유블레스(민간임대),378
2026-05,전북,분양,전북특별자치도 군산시 조촌동  739-6,군산 경남아너스빌 디오션,873
2026-03,전북,분양,전북특별자치도 군산시 지곡동  126-0,군산 한라비발디 더프라임,633
2025-12,전북,분양,전북특별자치도 군산시 지곡동  332-1,군산 지곡 한라비발디 2차 은파레이크뷰,291
2026-12,전북,분양,전북특별자치도 군산시 지곡동  산 137-1,군산 레이크시티 아이파크,722
2025-06,전북,분양조합,전북특별자치도 김제시 금구면 금구리 323-0,남전주IC 서희스타힐스,613
2025-05,전북,임대,전북특별자치도 김제시 백산면 부거리 0-0,김제지평선 행복주택 일자리연계형 지원주택,120
2025-03,전북,분양,전북특별자치도 남원시 노암동  599-0,남원 드림헤이븐,115
2026-10,전북,분양조합,전북특별자치도 완주군 봉동읍 용암리 48-1,봉동 한양립스 센텀포레,516
2025-04,전북,임대,전북특별자치도 완주군 소양면 황운리 837-0,완주황운 국민임대주택,80
2025-00,전북,분양,전북특별자치도 익산시 남중동  454-1,남중동 오투그란데 뉴퍼스트,298
2025-05,전북,임대,전북특별자치도 익산시 낭산면 용기리 1953-1,행복주택 일자리연계형 지원주택,200
2025-02,전북,분양,전북특별자치도 익산시 마동  산 41-0,익산자이 그랜드파크,1431
2025-09,전북,분양임대,전북특별자치도 익산시 모현동2가  1-5,중흥S-클래스 퍼스트파크,834
2025-12,전북,분양,전북특별자치도 익산시 부송동  0-0,익산 부송 데시앙 ,745
2026-12,전북,분양,전북특별자치도 익산시 부송동  0-0,익산 부송 아이파크,511
2026-01,전북,임대,전북특별자치도 익산시 신동 808-1번지,신동 신혼 임대주택,44
2025-03,전북,분양임대,전북특별자치도 익산시 평화동  0-0,안단테,1382
2025-00,전북,분양,전북특별자치도 익산시 함열읍 와리 638-4,북익산 오투그란데 더원,259
2025-10,전북,분양,전북특별자치도 임실군 임실읍 이도리 214-0,임실 고운라피네 더 퍼스트,129
2025-03,전북,임대,전북특별자치도 장수군 장수읍 장수리 430-3,전북장수 1블록(국민임대),120
2026-12,전북,분양,전북특별자치도 전주시 덕진구 송천동2가  1315-0,에코시티 한양수자인 디에스틴 주상복합,268
2026-11,전북,분양임대조합,전북특별자치도 전주시 완산구 서신동  40-4,서신 더샵 비발디,1914
2025-12,전북,분양,전북특별자치도 정읍시 농소동  47-34,정읍 푸르지오 더 퍼스트,707
2026-09,제주,,제주시 화북일동 1400번지 일원,제주화북 A22,272
2025-11,제주,임대,제주특별자치도 서귀포시 대정읍 하모리 1085-0,서귀포 대정 통합공공임대주택,37
2025-05,제주,분양,제주특별자치도 제주시 애월읍 애월리 456-0,엘리프 애월 ,136
2025-02,제주,분양,제주특별자치도 제주시 애월읍 하귀1리 21-2,효성해링턴 플레이스 제주,425
2026-07,제주,분양,제주특별자치도 제주시 연동  261-37,더샵 연동애비뉴,204
2025-10,제주,분양조합,제주특별자치도 제주시 연동  276-13,연동 한일베라체 파크뷰 101동,70
2025-10,제주,분양조합,제주특별자치도 제주시 연동  279-0,연동 한일베라체 파크뷰 102동,84
2025-02,제주,분양,제주특별자치도 제주시 일도일동  1279-5,제주 플래티움 61,58
2026-11,충남,분양,충청남도 공주시 월송동  671-1,공주월송지구 경남아너스빌,366
2025-05,충남,임대,충청남도 논산시 강경읍 산양리 267-3,성진 더포레,60
2025-02,충남,분양,충청남도 논산시 대교동  235-1,논산 아이파크,453
2026-08,충남,분양,충청남도 논산시 연무읍 안심리 26-0,논산 푸르지오 더 퍼스트,433
2025-01,충남,임대,충청남도 당진시 수청동 4BL,당진수청1지구하이앤4BL(민간임대),824
2026-12,충남,분양,충청남도 보령시 동대동  391-0,보령 엘리체 헤리티지,971
2026-10,충남,분양,충청남도 서산시 석림동  528-1,서산 센트럴 아이파크,410
2025-08,충남,분양,충청남도 아산시 권곡동  240-2,아산 한신더휴,603
2026-03,충남,분양,충청남도 아산시 모종동  0-0,힐스테이트 모종 블랑루체,1060
2026-01,충남,분양,충청남도 아산시 모종동  555-1,아산 벨코어 스위첸,299
2025-07,충남,분양,충청남도 아산시 배방읍 세교리 0-0,엘리프 아산탕정,682
2025-07,충남,분양,충청남도 아산시 배방읍 세교리 1562-0,아산배방(2-A13BL) 금강펜테리움 센트럴파크,438
2026-02,충남,분양,충청남도 아산시 배방읍 세교리 1600-0,힐스테이트 자이 아산센텀,787
2025-01,충남,분양,충청남도 아산시 배방읍 세교리 1605,e편한세상 탕정 퍼스트드림,893
2026-05,충남,분양,충청남도 아산시 신창면 남성리 177-3,아산 신창1차 광신프로그레스,450
2026-02,충남,분양,충청남도 아산시 용화동  133-2,아산자이 그랜드파크 2단지,849
2026-02,충남,분양,충청남도 아산시 용화동  137-1,아산자이 그랜드파크 1단지,739
2026-08,충남,분양,충청남도 아산시 탕정면 갈산리 609-5 일원,탕정 푸르지오 리버파크,1626
2026-12,충남,분양,충청남도 아산시 탕정지구 A4BL,더샵 탕정인피니티시티,1140
2025-06,충남,분양,충청남도 예산군 삽교읍 목리 826-0,대광로제비앙,601
2026-07,충남,분양,충청남도 천안시 동남구 문화동 78-1외 9필지,트루엘 시그니처 천안역,236
2025-06,충남,분양,충청남도 천안시 동남구 신부동  293-0,더샵 신부센트라,592
2026-02,충남,분양,충청남도 천안시 동남구 용곡동  462-77,천안 일봉공원 호반써밋 센트럴파크(1BL),453
2025-08,충남,분양,충청남도 천안시 동남구 청당동  361-13,천안 롯데캐슬 더 청당,1199
2025-08,충남,임대,충청남도 천안시 동남구 청당동 310-6,행정타운두산위브더클래스(민간임대),1202
2025-03,충남,분양,충청남도 천안시 서북구 두정동  37-1,힐스테이트 두정역,997
2025-10,충남,분양,충청남도 천안시 서북구 두정동  490-0,천안 롯데캐슬 더 두정,584
2025-06,충남,분양,충청남도 천안시 서북구 두정동 393-21,유보라천안두정역,556
2025-01,충남,분양,충청남도 천안시 서북구 부대동  760-0,천안 부성지구 한라비발디,654
2025-04,충남,분양,충청남도 천안시 서북구 성정동  110-6,천안역 경남아너스빌 어반하이츠,293
2026-11,충남,분양,충청남도 청양군 청양읍 읍내리 308-4,청양 금성백조 예미지 퍼스트클래스,182
2025-01,충남,분양,충청남도 홍성군 홍북읍 신경리 0-0,내포신도시 반도유보라 마크에디션,955
2025-11,충남,분양,충청남도 홍성군 홍북읍 신경리 1361-0,충남내포신도시 디에트르 에듀시티(RM14BL),1474
2025-03,충남,분양,충청남도 홍성군 홍성읍 월산리 906-0,e편한세상 홍성 더센트럴,470
2026-04,충북,,충청북도 괴산군 괴산읍 대사리 59-1번지 일원,괴산미니복합타운 A1,350
2025-12,충북,분양,충청북도 영동군 영동읍 동정리 산 3-25,영동 코아루 리더스원,200
2025-04,충북,임대,충청북도 옥천군 옥천읍 금구리 72-3,충북옥천(영구임대 국민임대),70
2025-03,충북,분양,충청북도 옥천군 옥천읍 동안리 15-1,e편한세상 옥천 퍼스트원,545
2025-01,충북,분양,충청북도 옥천군 옥천읍 마암리 산 2-3,옥천역 금호어울림 더퍼스트,499
2025-11,충북,분양,충청북도 음성군 금왕읍 무극리 504-5,음성자이 센트럴시티,1505
2025-06,충북,분양,충청북도 음성군 대소면 성본리 0-0,음성 푸르지오 센터피크,875
2025-11,충북,분양,충청북도 음성군 대소면 성본리 0-0,음성 우미린 풀하우스,1019
2025-04,충북,분양,충청북도 음성군 대소면 성본리 293-5,음성 푸르지오 마크베르,644
2025-08,충북,분양임대,충청북도 음성군 맹동면 본성리 360-25,음성 아이파크,773
2025-09,충북,분양,충청북도 제천시 신월동  1474-0,제천자이 더 스카이,713
2025-04,충북,분양,충청북도 제천시 장락동  622-6,세영리첼 에듀퍼스트,564
2026-05,충북,임대,충청북도 증평군 증평읍 증평리 661,증평석미아데나에듀포레(민간임대),414
2025-05,충북,임대,충청북도 증평군 증평읍 창동리 554-0,증평창동 행복주택,32
2025-03,충북,임대,충청북도 진천군 문백면 봉죽리 266-0,진천문백 임대주택(국민.행복.영구),154
2026-01,충북,임대,충청북도 청주시 상당구 지북동  0-0,청주지북 A4 행복주택,254
2026-01,충북,임대,충청북도 청주시 상당구 지북동  0-0,청주지북 A5 행복주택,488
2026-01,충북,분양,충청북도 청주시 서원구 개신동  70-10,청주 동일하이빌 파크레인,800
2026-01,충북,분양,충청북도 청주시 서원구 개신동  산 104-4,더샵 청주그리니티,1191
2025-09,충북,분양,충청북도 청주시 서원구 모충동  산 62-10,한화 포레나 청주매봉,1849
2025-05,충북,분양,충청북도 청주시 흥덕구 가경동  1416-1,힐스테이트 청주센트럴2차,258
2025-01,충북,분양조합,충청북도 청주시 흥덕구 강내면 월곡리 82-1,청주 흥덕 칸타빌 더뉴,334
2026-07,충북,분양,충청북도 청주시 흥덕구 복대동  100-28,복대자이 더 스카이,715
2026-05,충북,분양,충청북도 청주시 흥덕구 봉명동  산 26-0,월명공원 한라비발디 온더파크,874
2025-09,충북,분양,충청북도 청주시 흥덕구 송절동  510,청주 테크노폴리스 A9 힐데스하임,440
2026-08,충북,분양,충청북도 청주시 흥덕구 송절동  513-2,해링턴 플레이스 테크노폴리스,602
2025-03,충북,임대,충청북도 청주시 흥덕구 송정동  0-0,청주산단1 행복주택,552
2025-07,충북,분양,충청북도 청주시 흥덕구 오송읍 봉산리 1530-0,오송역 서한이다음 노블리스,1113
2026-04,충북,분양,충청북도 충주시 용산동  40-0,어썸웨이브 용산,90
2025-06,충북,분양,충청북도 충주시 주덕읍 화곡리 1111-0,푸르지오 더 퍼스트,1029
2026-07,대전,,,대전대흥(창업지원),100
2026-10,경기,임대,,이천장호원,620
